p_z,p_n,p_symbol,p_energy,d_z,d_n,d_symbol,bin_en,dn_de,unc_dn_de,dn_de_nu,unc_dn_de_nu,extraction_date
18,21,Ar,0,19,20,K,0,0.00200847,0.0000214977,0,0,2025-09-02
18,21,Ar,0,19,20,K,1,0.00200166,0.0000214465,0.000000113961,0.00000000276559,2025-09-02
18,21,Ar,0,19,20,K,2,0.00199826,0.0000214168,0.000000453842,0.0000000110003,2025-09-02
18,21,Ar,0,19,20,K,3,0.00199828,0.0000214087,0.00000101665,0.0000000246117,2025-09-02
18,21,Ar,0,19,20,K,4,0.00199762,0.0000213893,0.00000179943,0.000000043508,2025-09-02
18,21,Ar,0,19,20,K,5,0.00199708,0.0000213696,0.00000279922,0.0000000675985,2025-09-02
18,21,Ar,0,19,20,K,6,0.00199714,0.0000213557,0.00000401311,0.000000096793,2025-09-02
18,21,Ar,0,19,20,K,7,0.00199796,0.0000213495,0.00000543819,0.000000131002,2025-09-02
18,21,Ar,0,19,20,K,8,0.00199952,0.0000213513,0.00000707159,0.000000170138,2025-09-02
18,21,Ar,0,19,20,K,9,0.00200178,0.0000213605,0.00000891043,0.000000214112,2025-09-02
18,21,Ar,0,19,20,K,10,0.00200465,0.0000213762,0.0000109519,0.000000262837,2025-09-02
18,21,Ar,0,19,20,K,11,0.00200804,0.0000213976,0.0000131931,0.000000316228,2025-09-02
18,21,Ar,0,19,20,K,12,0.00201187,0.0000214238,0.0000156314,0.000000374199,2025-09-02
18,21,Ar,0,19,20,K,13,0.00201608,0.0000214542,0.0000182639,0.000000436665,2025-09-02
18,21,Ar,0,19,20,K,14,0.00202061,0.0000214881,0.0000210878,0.000000503543,2025-09-02
18,21,Ar,0,19,20,K,15,0.0020254,0.0000215249,0.0000241005,0.000000574749,2025-09-02
18,21,Ar,0,19,20,K,16,0.00203041,0.0000215642,0.0000272992,0.000000650201,2025-09-02
18,21,Ar,0,19,20,K,17,0.0020356,0.0000216056,0.0000306812,0.000000729817,2025-09-02
18,21,Ar,0,19,20,K,18,0.00204094,0.0000216487,0.0000342439,0.000000813517,2025-09-02
18,21,Ar,0,19,20,K,19,0.0020464,0.0000216932,0.0000379846,0.000000901221,2025-09-02
18,21,Ar,0,19,20,K,20,0.00205196,0.0000217388,0.0000419007,0.000000992848,2025-09-02
18,21,Ar,0,19,20,K,21,0.00205759,0.0000217855,0.0000459895,0.00000108832,2025-09-02
18,21,Ar,0,19,20,K,22,0.00206328,0.0000218329,0.0000502485,0.00000118756,2025-09-02
18,21,Ar,0,19,20,K,23,0.00206902,0.0000218809,0.0000546751,0.00000129049,2025-09-02
18,21,Ar,0,19,20,K,24,0.00207479,0.0000219294,0.0000592667,0.00000139704,2025-09-02
18,21,Ar,0,19,20,K,25,0.00208059,0.0000219782,0.0000640209,0.00000150712,2025-09-02
18,21,Ar,0,19,20,K,26,0.00208639,0.0000220274,0.000068935,0.00000162067,2025-09-02
18,21,Ar,0,19,20,K,27,0.00209219,0.0000220766,0.0000740067,0.0000017376,2025-09-02
18,21,Ar,0,19,20,K,28,0.002098,0.000022126,0.0000792333,0.00000185785,2025-09-02
18,21,Ar,0,19,20,K,29,0.00210379,0.0000221754,0.0000846126,0.00000198134,2025-09-02
18,21,Ar,0,19,20,K,30,0.00210956,0.0000222247,0.000090142,0.00000210801,2025-09-02
18,21,Ar,0,19,20,K,31,0.00211532,0.000022274,0.0000958192,0.00000223777,2025-09-02
18,21,Ar,0,19,20,K,32,0.00212105,0.0000223231,0.000101642,0.00000237056,2025-09-02
18,21,Ar,0,19,20,K,33,0.00212676,0.0000223721,0.000107607,0.0000025063,2025-09-02
18,21,Ar,0,19,20,K,34,0.00213243,0.0000224208,0.000113713,0.00000264494,2025-09-02
18,21,Ar,0,19,20,K,35,0.00213807,0.0000224693,0.000119957,0.00000278639,2025-09-02
18,21,Ar,0,19,20,K,36,0.00214367,0.0000225176,0.000126338,0.0000029306,2025-09-02
18,21,Ar,0,19,20,K,37,0.00214924,0.0000225655,0.000132852,0.00000307749,2025-09-02
18,21,Ar,0,19,20,K,38,0.00215477,0.0000226132,0.000139497,0.000003227,2025-09-02
18,21,Ar,0,19,20,K,39,0.00216026,0.0000226605,0.000146271,0.00000337906,2025-09-02
18,21,Ar,0,19,20,K,40,0.0021657,0.0000227076,0.000153172,0.00000353361,2025-09-02
18,21,Ar,0,19,20,K,41,0.0021711,0.0000227542,0.000160198,0.00000369058,2025-09-02
18,21,Ar,0,19,20,K,42,0.00217646,0.0000228005,0.000167346,0.0000038499,2025-09-02
18,21,Ar,0,19,20,K,43,0.00218178,0.0000228464,0.000174615,0.00000401152,2025-09-02
18,21,Ar,0,19,20,K,44,0.00218705,0.000022892,0.000182001,0.00000417538,2025-09-02
18,21,Ar,0,19,20,K,45,0.00219227,0.0000229371,0.000189504,0.0000043414,2025-09-02
18,21,Ar,0,19,20,K,46,0.00219745,0.0000229819,0.00019712,0.00000450953,2025-09-02
18,21,Ar,0,19,20,K,47,0.00220258,0.0000230262,0.000204847,0.0000046797,2025-09-02
18,21,Ar,0,19,20,K,48,0.00220766,0.0000230701,0.000212685,0.00000485187,2025-09-02
18,21,Ar,0,19,20,K,49,0.0022127,0.0000231137,0.00022063,0.00000502596,2025-09-02
18,21,Ar,0,19,20,K,50,0.00221769,0.0000231568,0.00022868,0.00000520192,2025-09-02
18,21,Ar,0,19,20,K,51,0.00222264,0.0000231994,0.000236833,0.00000537969,2025-09-02
18,21,Ar,0,19,20,K,52,0.00222754,0.0000232417,0.000245088,0.00000555921,2025-09-02
18,21,Ar,0,19,20,K,53,0.00223239,0.0000232835,0.000253442,0.00000574043,2025-09-02
18,21,Ar,0,19,20,K,54,0.00223719,0.0000233249,0.000261894,0.00000592329,2025-09-02
18,21,Ar,0,19,20,K,55,0.00224195,0.0000233658,0.00027044,0.00000610773,2025-09-02
18,21,Ar,0,19,20,K,56,0.00224666,0.0000234063,0.000279081,0.0000062937,2025-09-02
18,21,Ar,0,19,20,K,57,0.00225133,0.0000234464,0.000287812,0.00000648114,2025-09-02
18,21,Ar,0,19,20,K,58,0.00225595,0.000023486,0.000296633,0.00000667001,2025-09-02
18,21,Ar,0,19,20,K,59,0.00226052,0.0000235251,0.000305542,0.00000686024,2025-09-02
18,21,Ar,0,19,20,K,60,0.00226505,0.0000235638,0.000314536,0.00000705178,2025-09-02
18,21,Ar,0,19,20,K,61,0.00226954,0.0000236021,0.000323614,0.00000724459,2025-09-02
18,21,Ar,0,19,20,K,62,0.00227397,0.0000236399,0.000332774,0.00000743861,2025-09-02
18,21,Ar,0,19,20,K,63,0.00227837,0.0000236772,0.000342015,0.00000763378,2025-09-02
18,21,Ar,0,19,20,K,64,0.00228272,0.0000237141,0.000351333,0.00000783006,2025-09-02
18,21,Ar,0,19,20,K,65,0.00228702,0.0000237505,0.000360728,0.00000802741,2025-09-02
18,21,Ar,0,19,20,K,66,0.00229128,0.0000237865,0.000370198,0.00000822576,2025-09-02
18,21,Ar,0,19,20,K,67,0.0022955,0.000023822,0.00037974,0.00000842507,2025-09-02
18,21,Ar,0,19,20,K,68,0.00229968,0.000023857,0.000389354,0.0000086253,2025-09-02
18,21,Ar,0,19,20,K,69,0.00230381,0.0000238915,0.000399037,0.00000882639,2025-09-02
18,21,Ar,0,19,20,K,70,0.0023079,0.0000239256,0.000408788,0.0000090283,2025-09-02
18,21,Ar,0,19,20,K,71,0.00231194,0.0000239592,0.000418605,0.00000923098,2025-09-02
18,21,Ar,0,19,20,K,72,0.00231595,0.0000239923,0.000428486,0.00000943439,2025-09-02
18,21,Ar,0,19,20,K,73,0.00231991,0.0000240249,0.000438429,0.00000963848,2025-09-02
18,21,Ar,0,19,20,K,74,0.00232383,0.0000240571,0.000448434,0.0000098432,2025-09-02
18,21,Ar,0,19,20,K,75,0.00232771,0.0000240887,0.000458498,0.0000100485,2025-09-02
18,21,Ar,0,19,20,K,76,0.00233155,0.0000241199,0.000468619,0.0000102544,2025-09-02
18,21,Ar,0,19,20,K,77,0.00233534,0.0000241505,0.000478797,0.0000104607,2025-09-02
18,21,Ar,0,19,20,K,78,0.0023391,0.0000241807,0.000489028,0.0000106676,2025-09-02
18,21,Ar,0,19,20,K,79,0.00234282,0.0000242103,0.000499313,0.0000108748,2025-09-02
18,21,Ar,0,19,20,K,80,0.00234649,0.0000242395,0.000509649,0.0000110825,2025-09-02
18,21,Ar,0,19,20,K,81,0.00235013,0.0000242681,0.000520034,0.0000112904,2025-09-02
18,21,Ar,0,19,20,K,82,0.00235373,0.0000242962,0.000530468,0.0000114987,2025-09-02
18,21,Ar,0,19,20,K,83,0.00235729,0.0000243238,0.000540948,0.0000117072,2025-09-02
18,21,Ar,0,19,20,K,84,0.0023608,0.0000243509,0.000551474,0.0000119159,2025-09-02
18,21,Ar,0,19,20,K,85,0.00236429,0.0000243774,0.000562043,0.0000121249,2025-09-02
18,21,Ar,0,19,20,K,86,0.00236773,0.0000244034,0.000572654,0.0000123339,2025-09-02
18,21,Ar,0,19,20,K,87,0.00237113,0.0000244289,0.000583306,0.0000125431,2025-09-02
18,21,Ar,0,19,20,K,88,0.0023745,0.0000244538,0.000593997,0.0000127523,2025-09-02
18,21,Ar,0,19,20,K,89,0.00237783,0.0000244782,0.000604725,0.0000129615,2025-09-02
18,21,Ar,0,19,20,K,90,0.00238112,0.0000245021,0.00061549,0.0000131708,2025-09-02
18,21,Ar,0,19,20,K,91,0.00238437,0.0000245253,0.00062629,0.00001338,2025-09-02
18,21,Ar,0,19,20,K,92,0.00238759,0.000024548,0.000637124,0.0000135891,2025-09-02
18,21,Ar,0,19,20,K,93,0.00239077,0.0000245702,0.000647989,0.0000137981,2025-09-02
18,21,Ar,0,19,20,K,94,0.00239391,0.0000245918,0.000658886,0.000014007,2025-09-02
18,21,Ar,0,19,20,K,95,0.00239701,0.0000246128,0.000669811,0.0000142156,2025-09-02
18,21,Ar,0,19,20,K,96,0.00240008,0.0000246332,0.000680765,0.0000144241,2025-09-02
18,21,Ar,0,19,20,K,97,0.00240312,0.000024653,0.000691746,0.0000146323,2025-09-02
18,21,Ar,0,19,20,K,98,0.00240612,0.0000246722,0.000702752,0.0000148402,2025-09-02
18,21,Ar,0,19,20,K,99,0.00240908,0.0000246908,0.000713782,0.0000150478,2025-09-02
18,21,Ar,0,19,20,K,100,0.002412,0.0000247088,0.000724835,0.0000152551,2025-09-02
18,21,Ar,0,19,20,K,101,0.0024149,0.0000247262,0.000735909,0.000015462,2025-09-02
18,21,Ar,0,19,20,K,102,0.00241775,0.000024743,0.000747004,0.0000156684,2025-09-02
18,21,Ar,0,19,20,K,103,0.00242057,0.0000247592,0.000758118,0.0000158745,2025-09-02
18,21,Ar,0,19,20,K,104,0.00242336,0.0000247747,0.00076925,0.00001608,2025-09-02
18,21,Ar,0,19,20,K,105,0.00242611,0.0000247896,0.000780398,0.0000162851,2025-09-02
18,21,Ar,0,19,20,K,106,0.00242882,0.0000248038,0.000791562,0.0000164896,2025-09-02
18,21,Ar,0,19,20,K,107,0.0024315,0.0000248174,0.00080274,0.0000166936,2025-09-02
18,21,Ar,0,19,20,K,108,0.00243415,0.0000248303,0.000813931,0.000016897,2025-09-02
18,21,Ar,0,19,20,K,109,0.00243676,0.0000248425,0.000825134,0.0000170998,2025-09-02
18,21,Ar,0,19,20,K,110,0.00243934,0.0000248541,0.000836347,0.000017302,2025-09-02
18,21,Ar,0,19,20,K,111,0.00244188,0.000024865,0.000847571,0.0000175035,2025-09-02
18,21,Ar,0,19,20,K,112,0.00244439,0.0000248752,0.000858802,0.0000177043,2025-09-02
18,21,Ar,0,19,20,K,113,0.00244687,0.0000248847,0.000870041,0.0000179044,2025-09-02
18,21,Ar,0,19,20,K,114,0.00244931,0.0000248935,0.000881286,0.0000181037,2025-09-02
18,21,Ar,0,19,20,K,115,0.00245172,0.0000249016,0.000892537,0.0000183023,2025-09-02
18,21,Ar,0,19,20,K,116,0.00245409,0.000024909,0.000903791,0.0000185,2025-09-02
18,21,Ar,0,19,20,K,117,0.00245643,0.0000249156,0.000915049,0.000018697,2025-09-02
18,21,Ar,0,19,20,K,118,0.00245874,0.0000249215,0.000926308,0.0000188931,2025-09-02
18,21,Ar,0,19,20,K,119,0.00246101,0.0000249267,0.000937568,0.0000190884,2025-09-02
18,21,Ar,0,19,20,K,120,0.00246325,0.0000249311,0.000948829,0.0000192828,2025-09-02
18,21,Ar,0,19,20,K,121,0.00246546,0.0000249347,0.000960088,0.0000194762,2025-09-02
18,21,Ar,0,19,20,K,122,0.00246763,0.0000249376,0.000971345,0.0000196688,2025-09-02
18,21,Ar,0,19,20,K,123,0.00246977,0.0000249397,0.000982598,0.0000198603,2025-09-02
18,21,Ar,0,19,20,K,124,0.00247188,0.000024941,0.000993848,0.0000200509,2025-09-02
18,21,Ar,0,19,20,K,125,0.00247395,0.0000249416,0.00100509,0.0000202405,2025-09-02
18,21,Ar,0,19,20,K,126,0.00247599,0.0000249413,0.00101633,0.0000204291,2025-09-02
18,21,Ar,0,19,20,K,127,0.002478,0.0000249402,0.00102756,0.0000206167,2025-09-02
18,21,Ar,0,19,20,K,128,0.00247997,0.0000249383,0.00103879,0.0000208032,2025-09-02
18,21,Ar,0,19,20,K,129,0.00248192,0.0000249356,0.00105,0.0000209886,2025-09-02
18,21,Ar,0,19,20,K,130,0.00248382,0.000024932,0.00106121,0.0000211729,2025-09-02
18,21,Ar,0,19,20,K,131,0.0024857,0.0000249276,0.0010724,0.0000213561,2025-09-02
18,21,Ar,0,19,20,K,132,0.00248754,0.0000249223,0.00108358,0.0000215382,2025-09-02
18,21,Ar,0,19,20,K,133,0.00248935,0.0000249162,0.00109475,0.0000217192,2025-09-02
18,21,Ar,0,19,20,K,134,0.00249112,0.0000249092,0.00110591,0.0000218989,2025-09-02
18,21,Ar,0,19,20,K,135,0.00249287,0.0000249013,0.00111705,0.0000220775,2025-09-02
18,21,Ar,0,19,20,K,136,0.00249457,0.0000248925,0.00112818,0.0000222549,2025-09-02
18,21,Ar,0,19,20,K,137,0.00249625,0.0000248828,0.0011393,0.000022431,2025-09-02
18,21,Ar,0,19,20,K,138,0.00249789,0.0000248722,0.00115039,0.000022606,2025-09-02
18,21,Ar,0,19,20,K,139,0.0024995,0.0000248607,0.00116147,0.0000227796,2025-09-02
18,21,Ar,0,19,20,K,140,0.00250108,0.0000248483,0.00117253,0.000022952,2025-09-02
18,21,Ar,0,19,20,K,141,0.00250262,0.000024835,0.00118357,0.0000231231,2025-09-02
18,21,Ar,0,19,20,K,142,0.00250414,0.0000248207,0.00119459,0.000023293,2025-09-02
18,21,Ar,0,19,20,K,143,0.00250561,0.0000248054,0.00120559,0.0000234615,2025-09-02
18,21,Ar,0,19,20,K,144,0.00250706,0.0000247892,0.00121657,0.0000236287,2025-09-02
18,21,Ar,0,19,20,K,145,0.00250847,0.000024772,0.00122753,0.0000237945,2025-09-02
18,21,Ar,0,19,20,K,146,0.00250984,0.0000247538,0.00123846,0.000023959,2025-09-02
18,21,Ar,0,19,20,K,147,0.00251119,0.0000247346,0.00124937,0.0000241222,2025-09-02
18,21,Ar,0,19,20,K,148,0.0025125,0.0000247144,0.00126026,0.0000242839,2025-09-02
18,21,Ar,0,19,20,K,149,0.00251378,0.0000246932,0.00127112,0.0000244443,2025-09-02
18,21,Ar,0,19,20,K,150,0.00251502,0.000024671,0.00128196,0.0000246032,2025-09-02
18,21,Ar,0,19,20,K,151,0.00251623,0.0000246478,0.00129277,0.0000247608,2025-09-02
18,21,Ar,0,19,20,K,152,0.0025174,0.0000246235,0.00130355,0.0000249169,2025-09-02
18,21,Ar,0,19,20,K,153,0.00251855,0.0000245981,0.00131431,0.0000250716,2025-09-02
18,21,Ar,0,19,20,K,154,0.00251966,0.0000245717,0.00132503,0.0000252248,2025-09-02
18,21,Ar,0,19,20,K,155,0.00252073,0.0000245443,0.00133573,0.0000253765,2025-09-02
18,21,Ar,0,19,20,K,156,0.00252177,0.0000245157,0.0013464,0.0000255268,2025-09-02
18,21,Ar,0,19,20,K,157,0.00252278,0.0000244861,0.00135704,0.0000256757,2025-09-02
18,21,Ar,0,19,20,K,158,0.00252375,0.0000244553,0.00136765,0.000025823,2025-09-02
18,21,Ar,0,19,20,K,159,0.00252469,0.0000244235,0.00137822,0.0000259688,2025-09-02
18,21,Ar,0,19,20,K,160,0.00252559,0.0000243905,0.00138876,0.0000261131,2025-09-02
18,21,Ar,0,19,20,K,161,0.00252646,0.0000243564,0.00139928,0.0000262559,2025-09-02
18,21,Ar,0,19,20,K,162,0.0025273,0.0000243212,0.00140975,0.0000263972,2025-09-02
18,21,Ar,0,19,20,K,163,0.0025281,0.0000242848,0.0014202,0.0000265369,2025-09-02
18,21,Ar,0,19,20,K,164,0.00252886,0.0000242472,0.00143061,0.0000266751,2025-09-02
18,21,Ar,0,19,20,K,165,0.00252959,0.0000242085,0.00144098,0.0000268118,2025-09-02
18,21,Ar,0,19,20,K,166,0.00253029,0.0000241686,0.00145132,0.0000269468,2025-09-02
18,21,Ar,0,19,20,K,167,0.00253095,0.0000241275,0.00146162,0.0000270804,2025-09-02
18,21,Ar,0,19,20,K,168,0.00253158,0.0000240853,0.00147189,0.0000272123,2025-09-02
18,21,Ar,0,19,20,K,169,0.00253217,0.0000240418,0.00148212,0.0000273427,2025-09-02
18,21,Ar,0,19,20,K,170,0.00253272,0.0000239971,0.00149231,0.0000274714,2025-09-02
18,21,Ar,0,19,20,K,171,0.00253324,0.0000239511,0.00150247,0.0000275986,2025-09-02
18,21,Ar,0,19,20,K,172,0.00253373,0.000023904,0.00151258,0.0000277242,2025-09-02
18,21,Ar,0,19,20,K,173,0.00253417,0.0000238556,0.00152266,0.0000278482,2025-09-02
18,21,Ar,0,19,20,K,174,0.00253459,0.0000238059,0.0015327,0.0000279706,2025-09-02
18,21,Ar,0,19,20,K,175,0.00253496,0.0000237549,0.00154269,0.0000280913,2025-09-02
18,21,Ar,0,19,20,K,176,0.0025353,0.0000237027,0.00155265,0.0000282105,2025-09-02
18,21,Ar,0,19,20,K,177,0.00253561,0.0000236492,0.00156257,0.000028328,2025-09-02
18,21,Ar,0,19,20,K,178,0.00253588,0.0000235944,0.00157244,0.0000284439,2025-09-02
18,21,Ar,0,19,20,K,179,0.00253611,0.0000235383,0.00158228,0.0000285581,2025-09-02
18,21,Ar,0,19,20,K,180,0.00253631,0.0000234809,0.00159207,0.0000286708,2025-09-02
18,21,Ar,0,19,20,K,181,0.00253646,0.0000234221,0.00160181,0.0000287817,2025-09-02
18,21,Ar,0,19,20,K,182,0.00253659,0.0000233621,0.00161152,0.0000288911,2025-09-02
18,21,Ar,0,19,20,K,183,0.00253667,0.0000233006,0.00162118,0.0000289988,2025-09-02
18,21,Ar,0,19,20,K,184,0.00253672,0.0000232379,0.0016308,0.0000291048,2025-09-02
18,21,Ar,0,19,20,K,185,0.00253673,0.0000231737,0.00164037,0.0000292092,2025-09-02
18,21,Ar,0,19,20,K,186,0.0025367,0.0000231082,0.0016499,0.0000293119,2025-09-02
18,21,Ar,0,19,20,K,187,0.00253664,0.0000230413,0.00165939,0.000029413,2025-09-02
18,21,Ar,0,19,20,K,188,0.00253653,0.0000229731,0.00166883,0.0000295124,2025-09-02
18,21,Ar,0,19,20,K,189,0.00253639,0.0000229034,0.00167822,0.0000296102,2025-09-02
18,21,Ar,0,19,20,K,190,0.00253622,0.0000228323,0.00168757,0.0000297062,2025-09-02
18,21,Ar,0,19,20,K,191,0.002536,0.0000227598,0.00169687,0.0000298007,2025-09-02
18,21,Ar,0,19,20,K,192,0.00253574,0.0000226858,0.00170613,0.0000298934,2025-09-02
18,21,Ar,0,19,20,K,193,0.00253545,0.0000226105,0.00171534,0.0000299845,2025-09-02
18,21,Ar,0,19,20,K,194,0.00253512,0.0000225336,0.0017245,0.0000300739,2025-09-02
18,21,Ar,0,19,20,K,195,0.00253475,0.0000224554,0.00173361,0.0000301617,2025-09-02
18,21,Ar,0,19,20,K,196,0.00253434,0.0000223756,0.00174268,0.0000302478,2025-09-02
18,21,Ar,0,19,20,K,197,0.00253389,0.0000222944,0.00175169,0.0000303322,2025-09-02
18,21,Ar,0,19,20,K,198,0.0025334,0.0000222117,0.00176066,0.0000304149,2025-09-02
18,21,Ar,0,19,20,K,199,0.00253288,0.0000221276,0.00176958,0.000030496,2025-09-02
18,21,Ar,0,19,20,K,200,0.00253231,0.0000220419,0.00177845,0.0000305754,2025-09-02
18,21,Ar,0,19,20,K,201,0.0025317,0.0000219547,0.00178728,0.0000306531,2025-09-02
18,21,Ar,0,19,20,K,202,0.00253105,0.000021866,0.00179605,0.0000307292,2025-09-02
18,21,Ar,0,19,20,K,203,0.00253037,0.0000217758,0.00180477,0.0000308036,2025-09-02
18,21,Ar,0,19,20,K,204,0.00252964,0.000021684,0.00181344,0.0000308763,2025-09-02
18,21,Ar,0,19,20,K,205,0.00252887,0.0000215907,0.00182207,0.0000309474,2025-09-02
18,21,Ar,0,19,20,K,206,0.00252807,0.0000214959,0.00183064,0.0000310168,2025-09-02
18,21,Ar,0,19,20,K,207,0.00252722,0.0000213995,0.00183916,0.0000310845,2025-09-02
18,21,Ar,0,19,20,K,208,0.00252633,0.0000213015,0.00184763,0.0000311506,2025-09-02
18,21,Ar,0,19,20,K,209,0.0025254,0.0000212019,0.00185605,0.000031215,2025-09-02
18,21,Ar,0,19,20,K,210,0.00252442,0.0000211008,0.00186442,0.0000312778,2025-09-02
18,21,Ar,0,19,20,K,211,0.00252341,0.0000209981,0.00187273,0.0000313389,2025-09-02
18,21,Ar,0,19,20,K,212,0.00252235,0.0000208938,0.001881,0.0000313984,2025-09-02
18,21,Ar,0,19,20,K,213,0.00252126,0.0000207879,0.00188921,0.0000314562,2025-09-02
18,21,Ar,0,19,20,K,214,0.00252012,0.0000206804,0.00189737,0.0000315123,2025-09-02
18,21,Ar,0,19,20,K,215,0.00251894,0.0000205712,0.00190548,0.0000315669,2025-09-02
18,21,Ar,0,19,20,K,216,0.00251771,0.0000204604,0.00191354,0.0000316197,2025-09-02
18,21,Ar,0,19,20,K,217,0.00251645,0.000020348,0.00192154,0.000031671,2025-09-02
18,21,Ar,0,19,20,K,218,0.00251514,0.000020234,0.00192949,0.0000317206,2025-09-02
18,21,Ar,0,19,20,K,219,0.00251378,0.0000201183,0.00193739,0.0000317686,2025-09-02
18,21,Ar,0,19,20,K,220,0.00251239,0.000020001,0.00194523,0.0000318149,2025-09-02
18,21,Ar,0,19,20,K,221,0.00251095,0.0000198819,0.00195302,0.0000318596,2025-09-02
18,21,Ar,0,19,20,K,222,0.00250947,0.0000197613,0.00196076,0.0000319027,2025-09-02
18,21,Ar,0,19,20,K,223,0.00250794,0.0000196389,0.00196844,0.0000319442,2025-09-02
18,21,Ar,0,19,20,K,224,0.00250637,0.0000195149,0.00197608,0.0000319841,2025-09-02
18,21,Ar,0,19,20,K,225,0.00250476,0.0000193892,0.00198365,0.0000320224,2025-09-02
18,21,Ar,0,19,20,K,226,0.0025031,0.0000192618,0.00199118,0.000032059,2025-09-02
18,21,Ar,0,19,20,K,227,0.0025014,0.0000191326,0.00199864,0.0000320941,2025-09-02
18,21,Ar,0,19,20,K,228,0.00249966,0.0000190018,0.00200606,0.0000321276,2025-09-02
18,21,Ar,0,19,20,K,229,0.00249787,0.0000188693,0.00201342,0.0000321595,2025-09-02
18,21,Ar,0,19,20,K,230,0.00249603,0.000018735,0.00202073,0.0000321898,2025-09-02
18,21,Ar,0,19,20,K,231,0.00249415,0.0000185991,0.00202798,0.0000322185,2025-09-02
18,21,Ar,0,19,20,K,232,0.00249222,0.0000184614,0.00203518,0.0000322457,2025-09-02
18,21,Ar,0,19,20,K,233,0.00249025,0.0000183219,0.00204232,0.0000322713,2025-09-02
18,21,Ar,0,19,20,K,234,0.00248824,0.0000181808,0.00204941,0.0000322953,2025-09-02
18,21,Ar,0,19,20,K,235,0.00248617,0.0000180379,0.00205644,0.0000323177,2025-09-02
18,21,Ar,0,19,20,K,236,0.00248406,0.0000178932,0.00206342,0.0000323386,2025-09-02
18,21,Ar,0,19,20,K,237,0.00248191,0.0000177468,0.00207035,0.000032358,2025-09-02
18,21,Ar,0,19,20,K,238,0.00247971,0.0000175986,0.00207722,0.0000323758,2025-09-02
18,21,Ar,0,19,20,K,239,0.00247746,0.0000174508,0.00208403,0.0000323921,2025-09-02
18,21,Ar,0,19,20,K,240,0.00247517,0.0000173071,0.00209079,0.0000324069,2025-09-02
18,21,Ar,0,19,20,K,241,0.00247283,0.0000171617,0.0020975,0.0000324201,2025-09-02
18,21,Ar,0,19,20,K,242,0.00247044,0.0000170145,0.00210415,0.0000324319,2025-09-02
18,21,Ar,0,19,20,K,243,0.002468,0.0000168657,0.00211075,0.0000324421,2025-09-02
18,21,Ar,0,19,20,K,244,0.00246552,0.0000167152,0.00211729,0.0000324508,2025-09-02
18,21,Ar,0,19,20,K,245,0.00246299,0.0000165629,0.00212377,0.000032458,2025-09-02
18,21,Ar,0,19,20,K,246,0.00246041,0.000016409,0.0021302,0.0000324637,2025-09-02
18,21,Ar,0,19,20,K,247,0.00245779,0.0000162533,0.00213658,0.000032468,2025-09-02
18,21,Ar,0,19,20,K,248,0.00245512,0.0000160958,0.0021429,0.0000324707,2025-09-02
18,21,Ar,0,19,20,K,249,0.00245239,0.0000159367,0.00214916,0.000032472,2025-09-02
18,21,Ar,0,19,20,K,250,0.00244962,0.0000157758,0.00215537,0.0000324718,2025-09-02
18,21,Ar,0,19,20,K,251,0.00244681,0.0000156132,0.00216153,0.0000324702,2025-09-02
18,21,Ar,0,19,20,K,252,0.00244394,0.0000154489,0.00216763,0.0000324671,2025-09-02
18,21,Ar,0,19,20,K,253,0.00244102,0.0000152828,0.00217367,0.0000324626,2025-09-02
18,21,Ar,0,19,20,K,254,0.00243806,0.000015115,0.00217966,0.0000324567,2025-09-02
18,21,Ar,0,19,20,K,255,0.00243504,0.0000149454,0.0021856,0.0000324493,2025-09-02
18,21,Ar,0,19,20,K,256,0.00243198,0.0000147741,0.00219148,0.0000324405,2025-09-02
18,21,Ar,0,19,20,K,257,0.00242887,0.000014601,0.0021973,0.0000324303,2025-09-02
18,21,Ar,0,19,20,K,258,0.0024257,0.0000144262,0.00220307,0.0000324187,2025-09-02
18,21,Ar,0,19,20,K,259,0.00242249,0.0000142497,0.00220879,0.0000324056,2025-09-02
18,21,Ar,0,19,20,K,260,0.00241923,0.0000140714,0.00221445,0.0000323912,2025-09-02
18,21,Ar,0,19,20,K,261,0.00241592,0.0000138913,0.00222005,0.0000323754,2025-09-02
18,21,Ar,0,19,20,K,262,0.00241255,0.0000137095,0.0022256,0.0000323583,2025-09-02
18,21,Ar,0,19,20,K,263,0.00240914,0.0000135259,0.0022311,0.0000323397,2025-09-02
18,21,Ar,0,19,20,K,264,0.00240567,0.0000133406,0.00223654,0.0000323198,2025-09-02
18,21,Ar,0,19,20,K,265,0.00240216,0.0000131535,0.00224193,0.0000322986,2025-09-02
18,21,Ar,0,19,20,K,266,0.00239859,0.0000129647,0.00224726,0.000032276,2025-09-02
18,21,Ar,0,19,20,K,267,0.00239498,0.0000127741,0.00225254,0.0000322521,2025-09-02
18,21,Ar,0,19,20,K,268,0.00239131,0.0000125817,0.00225776,0.0000322268,2025-09-02
18,21,Ar,0,19,20,K,269,0.00238759,0.0000123876,0.00226293,0.0000322003,2025-09-02
18,21,Ar,0,19,20,K,270,0.00238382,0.0000121918,0.00226804,0.0000321724,2025-09-02
18,21,Ar,0,19,20,K,271,0.00238,0.0000119942,0.0022731,0.0000321432,2025-09-02
18,21,Ar,0,19,20,K,272,0.00237612,0.0000117948,0.00227811,0.0000321127,2025-09-02
18,21,Ar,0,19,20,K,273,0.0023722,0.0000115937,0.00228306,0.0000320809,2025-09-02
18,21,Ar,0,19,20,K,274,0.00236822,0.0000113909,0.00228796,0.0000320479,2025-09-02
18,21,Ar,0,19,20,K,275,0.00236419,0.0000111862,0.00229281,0.0000320136,2025-09-02
18,21,Ar,0,19,20,K,276,0.00236011,0.0000109799,0.0022976,0.000031978,2025-09-02
18,21,Ar,0,19,20,K,277,0.00235597,0.0000107718,0.00230233,0.0000319411,2025-09-02
18,21,Ar,0,19,20,K,278,0.00235178,0.000010562,0.00230702,0.0000319031,2025-09-02
18,21,Ar,0,19,20,K,279,0.00234754,0.0000103504,0.00231165,0.0000318637,2025-09-02
18,21,Ar,0,19,20,K,280,0.00234325,0.0000101371,0.00231622,0.0000318232,2025-09-02
18,21,Ar,0,19,20,K,281,0.00233891,0.00000992202,0.00232075,0.0000317814,2025-09-02
18,21,Ar,0,19,20,K,282,0.00233451,0.00000970525,0.00232522,0.0000317384,2025-09-02
18,21,Ar,0,19,20,K,283,0.00233006,0.00000948675,0.00232963,0.0000316942,2025-09-02
18,21,Ar,0,19,20,K,284,0.00232555,0.00000926653,0.002334,0.0000316488,2025-09-02
18,21,Ar,0,19,20,K,285,0.00232099,0.00000904458,0.00233831,0.0000316023,2025-09-02
18,21,Ar,0,19,20,K,286,0.00231638,0.00000882093,0.00234257,0.0000315545,2025-09-02
18,21,Ar,0,19,20,K,287,0.00231172,0.00000859556,0.00234677,0.0000315056,2025-09-02
18,21,Ar,0,19,20,K,288,0.002307,0.00000836849,0.00235093,0.0000314555,2025-09-02
18,21,Ar,0,19,20,K,289,0.00230222,0.00000813972,0.00235503,0.0000314043,2025-09-02
18,21,Ar,0,19,20,K,290,0.0022974,0.00000790926,0.00235908,0.0000313519,2025-09-02
18,21,Ar,0,19,20,K,291,0.00229252,0.0000076771,0.00236308,0.0000312984,2025-09-02
18,21,Ar,0,19,20,K,292,0.00228758,0.00000744327,0.00236702,0.0000312437,2025-09-02
18,21,Ar,0,19,20,K,293,0.00228259,0.00000720775,0.00237091,0.0000311879,2025-09-02
18,21,Ar,0,19,20,K,294,0.00227755,0.00000697057,0.00237476,0.0000311311,2025-09-02
18,21,Ar,0,19,20,K,295,0.00227245,0.00000673172,0.00237855,0.0000310731,2025-09-02
18,21,Ar,0,19,20,K,296,0.0022673,0.00000649121,0.00238228,0.000031014,2025-09-02
18,21,Ar,0,19,20,K,297,0.0022621,0.00000624905,0.00238597,0.0000309538,2025-09-02
18,21,Ar,0,19,20,K,298,0.00225684,0.00000600525,0.00238961,0.0000308926,2025-09-02
18,21,Ar,0,19,20,K,299,0.00225152,0.00000575981,0.00239319,0.0000308303,2025-09-02
18,21,Ar,0,19,20,K,300,0.00224615,0.00000551274,0.00239673,0.0000307669,2025-09-02
18,21,Ar,0,19,20,K,301,0.00224073,0.00000526406,0.00240021,0.0000307024,2025-09-02
18,21,Ar,0,19,20,K,302,0.00223525,0.00000501376,0.00240365,0.000030637,2025-09-02
18,21,Ar,0,19,20,K,303,0.00222972,0.00000476186,0.00240703,0.0000305705,2025-09-02
18,21,Ar,0,19,20,K,304,0.00222413,0.00000450836,0.00241036,0.0000305029,2025-09-02
18,21,Ar,0,19,20,K,305,0.00221849,0.00000425329,0.00241364,0.0000304344,2025-09-02
18,21,Ar,0,19,20,K,306,0.00221279,0.00000399663,0.00241688,0.0000303648,2025-09-02
18,21,Ar,0,19,20,K,307,0.00220703,0.00000373842,0.00242006,0.0000302942,2025-09-02
18,21,Ar,0,19,20,K,308,0.00220123,0.00000347864,0.00242319,0.0000302226,2025-09-02
18,21,Ar,0,19,20,K,309,0.00219536,0.00000321733,0.00242628,0.0000301501,2025-09-02
18,21,Ar,0,19,20,K,310,0.00218944,0.00000295448,0.00242931,0.0000300766,2025-09-02
18,21,Ar,0,19,20,K,311,0.00218347,0.00000269011,0.0024323,0.000030002,2025-09-02
18,21,Ar,0,19,20,K,312,0.00217744,0.00000242422,0.00243523,0.0000299266,2025-09-02
18,21,Ar,0,19,20,K,313,0.00217136,0.00000215684,0.00243812,0.0000298502,2025-09-02
18,21,Ar,0,19,20,K,314,0.00216522,0.00000188797,0.00244096,0.0000297728,2025-09-02
18,21,Ar,0,19,20,K,315,0.00215903,0.00000161763,0.00244375,0.0000296945,2025-09-02
18,21,Ar,0,19,20,K,316,0.00215278,0.00000134582,0.00244649,0.0000296152,2025-09-02
18,21,Ar,0,19,20,K,317,0.00214647,0.00000107257,0.00244918,0.0000295351,2025-09-02
18,21,Ar,0,19,20,K,318,0.00214011,0.000000797877,0.00245183,0.000029454,2025-09-02
18,21,Ar,0,19,20,K,319,0.0021337,0.000000521764,0.00245443,0.000029372,2025-09-02
18,21,Ar,0,19,20,K,320,0.00212723,0.000000592805,0.00245698,0.0000292891,2025-09-02
18,21,Ar,0,19,20,K,321,0.0021207,0.000000883401,0.00245948,0.0000292053,2025-09-02
18,21,Ar,0,19,20,K,322,0.00211412,0.00000117537,0.00246194,0.0000291206,2025-09-02
18,21,Ar,0,19,20,K,323,0.00210749,0.0000014687,0.00246435,0.0000290351,2025-09-02
18,21,Ar,0,19,20,K,324,0.0021008,0.00000176338,0.00246671,0.0000289487,2025-09-02
18,21,Ar,0,19,20,K,325,0.00209405,0.00000205938,0.00246902,0.0000288614,2025-09-02
18,21,Ar,0,19,20,K,326,0.00208725,0.00000235668,0.00247129,0.0000287732,2025-09-02
18,21,Ar,0,19,20,K,327,0.0020804,0.00000265527,0.00247352,0.0000286843,2025-09-02
18,21,Ar,0,19,20,K,328,0.00207349,0.00000295514,0.00247569,0.0000285944,2025-09-02
18,21,Ar,0,19,20,K,329,0.00206652,0.00000325625,0.00247782,0.0000285038,2025-09-02
18,21,Ar,0,19,20,K,330,0.0020595,0.0000035586,0.00247991,0.0000284123,2025-09-02
18,21,Ar,0,19,20,K,331,0.00205243,0.00000386215,0.00248194,0.00002832,2025-09-02
18,21,Ar,0,19,20,K,332,0.0020453,0.0000041669,0.00248394,0.0000282268,2025-09-02
18,21,Ar,0,19,20,K,333,0.00203812,0.00000447282,0.00248588,0.0000281329,2025-09-02
18,21,Ar,0,19,20,K,334,0.00203088,0.00000477989,0.00248779,0.0000280382,2025-09-02
18,21,Ar,0,19,20,K,335,0.00202359,0.00000508809,0.00248964,0.0000279426,2025-09-02
18,21,Ar,0,19,20,K,336,0.00201624,0.0000053974,0.00249146,0.0000278463,2025-09-02
18,21,Ar,0,19,20,K,337,0.00200884,0.00000570779,0.00249322,0.0000277492,2025-09-02
18,21,Ar,0,19,20,K,338,0.00200138,0.00000601924,0.00249495,0.0000276513,2025-09-02
18,21,Ar,0,19,20,K,339,0.00199387,0.00000633173,0.00249663,0.0000275527,2025-09-02
18,21,Ar,0,19,20,K,340,0.00198631,0.00000664524,0.00249826,0.0000274533,2025-09-02
18,21,Ar,0,19,20,K,341,0.00197869,0.00000695974,0.00249985,0.0000273532,2025-09-02
18,21,Ar,0,19,20,K,342,0.00197102,0.00000727521,0.0025014,0.0000272522,2025-09-02
18,21,Ar,0,19,20,K,343,0.0019633,0.00000759163,0.00250291,0.0000271506,2025-09-02
18,21,Ar,0,19,20,K,344,0.00195552,0.00000790896,0.00250437,0.0000270482,2025-09-02
18,21,Ar,0,19,20,K,345,0.00194769,0.00000822718,0.00250578,0.0000269451,2025-09-02
18,21,Ar,0,19,20,K,346,0.0019398,0.00000854627,0.00250716,0.0000268412,2025-09-02
18,21,Ar,0,19,20,K,347,0.00193186,0.00000886621,0.00250849,0.0000267367,2025-09-02
18,21,Ar,0,19,20,K,348,0.00192387,0.00000918695,0.00250978,0.0000266314,2025-09-02
18,21,Ar,0,19,20,K,349,0.00191583,0.00000950849,0.00251103,0.0000265254,2025-09-02
18,21,Ar,0,19,20,K,350,0.00190773,0.00000983078,0.00251223,0.0000264187,2025-09-02
18,21,Ar,0,19,20,K,351,0.00189958,0.0000101538,0.00251339,0.0000263113,2025-09-02
18,21,Ar,0,19,20,K,352,0.00189138,0.0000104775,0.00251451,0.0000262032,2025-09-02
18,21,Ar,0,19,20,K,353,0.00188313,0.0000108019,0.00251559,0.0000260944,2025-09-02
18,21,Ar,0,19,20,K,354,0.00187483,0.000011127,0.00251663,0.0000259849,2025-09-02
18,21,Ar,0,19,20,K,355,0.00186647,0.0000114526,0.00251763,0.0000258748,2025-09-02
18,21,Ar,0,19,20,K,356,0.00185806,0.0000117789,0.00251858,0.0000257639,2025-09-02
18,21,Ar,0,19,20,K,357,0.0018496,0.0000121057,0.00251949,0.0000256524,2025-09-02
18,21,Ar,0,19,20,K,358,0.00184109,0.000012433,0.00252037,0.0000255403,2025-09-02
18,21,Ar,0,19,20,K,359,0.00183253,0.0000127608,0.0025212,0.0000254274,2025-09-02
18,21,Ar,0,19,20,K,360,0.00182392,0.0000130891,0.00252199,0.0000253139,2025-09-02
18,21,Ar,0,19,20,K,361,0.00181526,0.0000134178,0.00252274,0.0000251998,2025-09-02
18,21,Ar,0,19,20,K,362,0.00180654,0.0000137468,0.00252345,0.000025085,2025-09-02
18,21,Ar,0,19,20,K,363,0.00179778,0.0000140763,0.00252412,0.0000249695,2025-09-02
18,21,Ar,0,19,20,K,364,0.00178897,0.000014406,0.00252475,0.0000248535,2025-09-02
18,21,Ar,0,19,20,K,365,0.00178011,0.0000147361,0.00252534,0.0000247367,2025-09-02
18,21,Ar,0,19,20,K,366,0.0017712,0.0000150664,0.0025259,0.0000246193,2025-09-02
18,21,Ar,0,19,20,K,367,0.00176224,0.0000153969,0.00252641,0.0000245013,2025-09-02
18,21,Ar,0,19,20,K,368,0.00175323,0.0000157277,0.00252688,0.0000243827,2025-09-02
18,21,Ar,0,19,20,K,369,0.00174417,0.0000160585,0.00252732,0.0000242634,2025-09-02
18,21,Ar,0,19,20,K,370,0.00173507,0.0000163895,0.00252771,0.0000241435,2025-09-02
18,21,Ar,0,19,20,K,371,0.00172592,0.0000167205,0.00252807,0.000024023,2025-09-02
18,21,Ar,0,19,20,K,372,0.00171672,0.0000170516,0.00252839,0.0000239018,2025-09-02
18,21,Ar,0,19,20,K,373,0.00170747,0.0000173827,0.00252867,0.0000237801,2025-09-02
18,21,Ar,0,19,20,K,374,0.00169818,0.0000177137,0.00252891,0.0000236577,2025-09-02
18,21,Ar,0,19,20,K,375,0.00168884,0.0000180446,0.00252911,0.0000235347,2025-09-02
18,21,Ar,0,19,20,K,376,0.00167945,0.0000183754,0.00252928,0.0000234111,2025-09-02
18,21,Ar,0,19,20,K,377,0.00167002,0.0000187061,0.00252941,0.0000232868,2025-09-02
18,21,Ar,0,19,20,K,378,0.00166054,0.0000190365,0.0025295,0.000023162,2025-09-02
18,21,Ar,0,19,20,K,379,0.00165102,0.0000193667,0.00252955,0.0000230386,2025-09-02
18,21,Ar,0,19,20,K,380,0.00164145,0.0000196966,0.00252957,0.0000229182,2025-09-02
18,21,Ar,0,19,20,K,381,0.00163184,0.0000200262,0.00252954,0.0000227973,2025-09-02
18,21,Ar,0,19,20,K,382,0.00162218,0.0000203554,0.00252949,0.0000226758,2025-09-02
18,21,Ar,0,19,20,K,383,0.00161248,0.0000206842,0.00252939,0.0000225537,2025-09-02
18,21,Ar,0,19,20,K,384,0.00160274,0.0000210125,0.00252926,0.0000224309,2025-09-02
18,21,Ar,0,19,20,K,385,0.00159296,0.0000213403,0.00252909,0.0000223077,2025-09-02
18,21,Ar,0,19,20,K,386,0.00158313,0.0000216676,0.00252889,0.0000221838,2025-09-02
18,21,Ar,0,19,20,K,387,0.00157326,0.0000219942,0.00252864,0.0000220593,2025-09-02
18,21,Ar,0,19,20,K,388,0.00156335,0.0000223202,0.00252837,0.0000219343,2025-09-02
18,21,Ar,0,19,20,K,389,0.0015534,0.0000226455,0.00252805,0.0000218086,2025-09-02
18,21,Ar,0,19,20,K,390,0.0015434,0.0000229701,0.0025277,0.0000216824,2025-09-02
18,21,Ar,0,19,20,K,391,0.00153337,0.0000232938,0.00252732,0.0000215556,2025-09-02
18,21,Ar,0,19,20,K,392,0.0015233,0.0000236168,0.0025269,0.0000214282,2025-09-02
18,21,Ar,0,19,20,K,393,0.00151318,0.0000239388,0.00252644,0.0000213002,2025-09-02
18,21,Ar,0,19,20,K,394,0.00150303,0.0000242599,0.00252595,0.0000211716,2025-09-02
18,21,Ar,0,19,20,K,395,0.00149284,0.00002458,0.00252542,0.0000210424,2025-09-02
18,21,Ar,0,19,20,K,396,0.00148262,0.0000248991,0.00252486,0.0000209127,2025-09-02
18,21,Ar,0,19,20,K,397,0.00147235,0.0000252171,0.00252426,0.0000207823,2025-09-02
18,21,Ar,0,19,20,K,398,0.00146205,0.0000255339,0.00252363,0.0000206514,2025-09-02
18,21,Ar,0,19,20,K,399,0.00145172,0.0000258495,0.00252296,0.0000205198,2025-09-02
18,21,Ar,0,19,20,K,400,0.00144134,0.0000261639,0.00252226,0.0000203877,2025-09-02
18,21,Ar,0,19,20,K,401,0.00143093,0.0000264769,0.00252153,0.0000202549,2025-09-02
18,21,Ar,0,19,20,K,402,0.00142049,0.0000267886,0.00252076,0.0000201216,2025-09-02
18,21,Ar,0,19,20,K,403,0.00141001,0.0000270989,0.00251995,0.0000199876,2025-09-02
18,21,Ar,0,19,20,K,404,0.0013995,0.0000274077,0.00251911,0.000019853,2025-09-02
18,21,Ar,0,19,20,K,405,0.00138896,0.000027715,0.00251824,0.0000197178,2025-09-02
18,21,Ar,0,19,20,K,406,0.00137838,0.0000280207,0.00251733,0.000019582,2025-09-02
18,21,Ar,0,19,20,K,407,0.00136778,0.0000283247,0.00251639,0.0000194456,2025-09-02
18,21,Ar,0,19,20,K,408,0.00135714,0.0000286271,0.00251541,0.0000193085,2025-09-02
18,21,Ar,0,19,20,K,409,0.00134647,0.0000289276,0.0025144,0.0000191709,2025-09-02
18,21,Ar,0,19,20,K,410,0.00133577,0.0000292264,0.00251336,0.0000190325,2025-09-02
18,21,Ar,0,19,20,K,411,0.00132504,0.0000295232,0.00251228,0.0000188936,2025-09-02
18,21,Ar,0,19,20,K,412,0.00131428,0.0000298182,0.00251117,0.000018754,2025-09-02
18,21,Ar,0,19,20,K,413,0.0013035,0.0000301111,0.00251003,0.0000186138,2025-09-02
18,21,Ar,0,19,20,K,414,0.00129269,0.0000304019,0.00250885,0.0000184729,2025-09-02
18,21,Ar,0,19,20,K,415,0.00128185,0.0000306906,0.00250764,0.0000183313,2025-09-02
18,21,Ar,0,19,20,K,416,0.00127098,0.0000309771,0.00250639,0.0000181891,2025-09-02
18,21,Ar,0,19,20,K,417,0.00126009,0.0000312614,0.00250512,0.0000180462,2025-09-02
18,21,Ar,0,19,20,K,418,0.00124917,0.0000315433,0.00250381,0.0000179026,2025-09-02
18,21,Ar,0,19,20,K,419,0.00123824,0.0000318228,0.00250246,0.0000177584,2025-09-02
18,21,Ar,0,19,20,K,420,0.00122727,0.0000320999,0.00250108,0.0000176134,2025-09-02
18,21,Ar,0,19,20,K,421,0.00121629,0.0000323744,0.00249967,0.0000174678,2025-09-02
18,21,Ar,0,19,20,K,422,0.00120528,0.0000326464,0.00249823,0.0000173214,2025-09-02
18,21,Ar,0,19,20,K,423,0.00119425,0.0000329157,0.00249675,0.0000171744,2025-09-02
18,21,Ar,0,19,20,K,424,0.00118321,0.0000331822,0.00249524,0.0000170266,2025-09-02
18,21,Ar,0,19,20,K,425,0.00117214,0.000033446,0.0024937,0.0000168781,2025-09-02
18,21,Ar,0,19,20,K,426,0.00116105,0.0000337069,0.00249213,0.0000167289,2025-09-02
18,21,Ar,0,19,20,K,427,0.00114995,0.0000339648,0.00249052,0.0000165789,2025-09-02
18,21,Ar,0,19,20,K,428,0.00113883,0.0000342197,0.00248888,0.0000164282,2025-09-02
18,21,Ar,0,19,20,K,429,0.00112769,0.0000344716,0.00248721,0.0000162767,2025-09-02
18,21,Ar,0,19,20,K,430,0.00111654,0.0000347203,0.0024855,0.0000161244,2025-09-02
18,21,Ar,0,19,20,K,431,0.00110537,0.0000349657,0.00248376,0.0000159713,2025-09-02
18,21,Ar,0,19,20,K,432,0.00109419,0.0000352078,0.00248199,0.0000158175,2025-09-02
18,21,Ar,0,19,20,K,433,0.001083,0.0000354466,0.00248018,0.0000156628,2025-09-02
18,21,Ar,0,19,20,K,434,0.00107179,0.0000356819,0.00247835,0.0000155074,2025-09-02
18,21,Ar,0,19,20,K,435,0.00106058,0.0000359136,0.00247648,0.0000153511,2025-09-02
18,21,Ar,0,19,20,K,436,0.00104935,0.0000361418,0.00247457,0.000015194,2025-09-02
18,21,Ar,0,19,20,K,437,0.00103811,0.0000363662,0.00247264,0.000015036,2025-09-02
18,21,Ar,0,19,20,K,438,0.00102687,0.0000365869,0.00247067,0.0000148772,2025-09-02
18,21,Ar,0,19,20,K,439,0.00101562,0.0000368037,0.00246867,0.0000147175,2025-09-02
18,21,Ar,0,19,20,K,440,0.00100436,0.0000370166,0.00246663,0.0000145569,2025-09-02
18,21,Ar,0,19,20,K,441,0.000993092,0.0000372255,0.00246457,0.0000143955,2025-09-02
18,21,Ar,0,19,20,K,442,0.000981823,0.0000374302,0.00246247,0.0000142331,2025-09-02
18,21,Ar,0,19,20,K,443,0.00097055,0.0000376308,0.00246033,0.0000140698,2025-09-02
18,21,Ar,0,19,20,K,444,0.000959275,0.0000378272,0.00245817,0.0000139055,2025-09-02
18,21,Ar,0,19,20,K,445,0.000947998,0.0000380192,0.00245597,0.0000137404,2025-09-02
18,21,Ar,0,19,20,K,446,0.00093672,0.0000382067,0.00245374,0.0000135742,2025-09-02
18,21,Ar,0,19,20,K,447,0.000925443,0.0000383897,0.00245147,0.0000134071,2025-09-02
18,21,Ar,0,19,20,K,448,0.000914166,0.0000385682,0.00244917,0.000013239,2025-09-02
18,21,Ar,0,19,20,K,449,0.000902893,0.0000387419,0.00244684,0.0000130698,2025-09-02
18,21,Ar,0,19,20,K,450,0.000891623,0.0000389109,0.00244448,0.0000128997,2025-09-02
18,21,Ar,0,19,20,K,451,0.000880357,0.000039075,0.00244208,0.0000127285,2025-09-02
18,21,Ar,0,19,20,K,452,0.000869097,0.0000392341,0.00243965,0.0000125562,2025-09-02
18,21,Ar,0,19,20,K,453,0.000857843,0.0000393882,0.00243718,0.0000123829,2025-09-02
18,21,Ar,0,19,20,K,454,0.000846598,0.0000395371,0.00243468,0.0000122085,2025-09-02
18,21,Ar,0,19,20,K,455,0.000835361,0.0000396808,0.00243215,0.000012033,2025-09-02
18,21,Ar,0,19,20,K,456,0.000824135,0.0000398192,0.00242958,0.0000118563,2025-09-02
18,21,Ar,0,19,20,K,457,0.000812919,0.0000399522,0.00242698,0.0000116786,2025-09-02
18,21,Ar,0,19,20,K,458,0.000801716,0.0000400796,0.00242435,0.0000114996,2025-09-02
18,21,Ar,0,19,20,K,459,0.000790527,0.0000402015,0.00242168,0.0000113195,2025-09-02
18,21,Ar,0,19,20,K,460,0.000779352,0.0000403176,0.00241897,0.0000111382,2025-09-02
18,21,Ar,0,19,20,K,461,0.000768193,0.000040428,0.00241624,0.0000109556,2025-09-02
18,21,Ar,0,19,20,K,462,0.000757051,0.0000405324,0.00241346,0.0000107718,2025-09-02
18,21,Ar,0,19,20,K,463,0.000745928,0.0000406308,0.00241066,0.0000105868,2025-09-02
18,21,Ar,0,19,20,K,464,0.000734824,0.0000407232,0.00240781,0.0000104005,2025-09-02
18,21,Ar,0,19,20,K,465,0.000723741,0.0000408093,0.00240494,0.0000102129,2025-09-02
18,21,Ar,0,19,20,K,466,0.00071268,0.0000408892,0.00240202,0.000010024,2025-09-02
18,21,Ar,0,19,20,K,467,0.000701643,0.0000409626,0.00239908,0.0000098337,2025-09-02
18,21,Ar,0,19,20,K,468,0.00069063,0.0000410296,0.00239609,0.00000964208,2025-09-02
18,21,Ar,0,19,20,K,469,0.000679643,0.0000410899,0.00239308,0.00000944908,2025-09-02
18,21,Ar,0,19,20,K,470,0.000668683,0.0000411435,0.00239002,0.00000925468,2025-09-02
18,21,Ar,0,19,20,K,471,0.000657752,0.0000411904,0.00238693,0.00000905886,2025-09-02
18,21,Ar,0,19,20,K,472,0.00064685,0.0000412302,0.0023838,0.00000886159,2025-09-02
18,21,Ar,0,19,20,K,473,0.00063598,0.0000412631,0.00238064,0.00000866286,2025-09-02
18,21,Ar,0,19,20,K,474,0.000625143,0.0000412888,0.00237744,0.00000846263,2025-09-02
18,21,Ar,0,19,20,K,475,0.00061434,0.0000413073,0.00237421,0.0000082609,2025-09-02
18,21,Ar,0,19,20,K,476,0.000603572,0.0000413184,0.00237093,0.00000805763,2025-09-02
18,21,Ar,0,19,20,K,477,0.000592841,0.0000413221,0.00236762,0.00000785281,2025-09-02
18,21,Ar,0,19,20,K,478,0.000582148,0.0000413182,0.00236427,0.00000764641,2025-09-02
18,21,Ar,0,19,20,K,479,0.000571495,0.0000413066,0.00236089,0.00000743841,2025-09-02
18,21,Ar,0,19,20,K,480,0.000560883,0.0000412872,0.00235747,0.00000722879,2025-09-02
18,21,Ar,0,19,20,K,481,0.000550314,0.0000412598,0.002354,0.00000701753,2025-09-02
18,21,Ar,0,19,20,K,482,0.000539789,0.0000412245,0.0023505,0.0000068046,2025-09-02
18,21,Ar,0,19,20,K,483,0.000529309,0.000041181,0.00234697,0.00000658999,2025-09-02
18,21,Ar,0,19,20,K,484,0.000518877,0.0000411292,0.00234339,0.00000637367,2025-09-02
18,21,Ar,0,19,20,K,485,0.000508493,0.0000410691,0.00233977,0.00000615562,2025-09-02
18,21,Ar,0,19,20,K,486,0.00049816,0.0000410004,0.00233612,0.00000593582,2025-09-02
18,21,Ar,0,19,20,K,487,0.000487878,0.0000409232,0.00233242,0.00000571425,2025-09-02
18,21,Ar,0,19,20,K,488,0.000477649,0.0000408372,0.00232869,0.0000054909,2025-09-02
18,21,Ar,0,19,20,K,489,0.000467476,0.0000407423,0.00232491,0.00000526575,2025-09-02
18,21,Ar,0,19,20,K,490,0.000457359,0.0000406385,0.00232109,0.00000503877,2025-09-02
18,21,Ar,0,19,20,K,491,0.0004473,0.0000405255,0.00231724,0.00000480996,2025-09-02
18,21,Ar,0,19,20,K,492,0.000437301,0.0000404034,0.00231334,0.0000045793,2025-09-02
18,21,Ar,0,19,20,K,493,0.000427363,0.0000402718,0.0023094,0.00000434677,2025-09-02
18,21,Ar,0,19,20,K,494,0.000417489,0.0000401308,0.00230542,0.00000411237,2025-09-02
18,21,Ar,0,19,20,K,495,0.000407679,0.0000399802,0.0023014,0.00000387608,2025-09-02
18,21,Ar,0,19,20,K,496,0.000397936,0.0000398199,0.00229734,0.00000363791,2025-09-02
18,21,Ar,0,19,20,K,497,0.00038826,0.000039674,0.00229323,0.00000339783,2025-09-02
18,21,Ar,0,19,20,K,498,0.000378655,0.0000395407,0.00228908,0.00000315586,2025-09-02
18,21,Ar,0,19,20,K,499,0.000369122,0.0000393982,0.00228489,0.00000291199,2025-09-02
18,21,Ar,0,19,20,K,500,0.000359661,0.0000392463,0.00228065,0.00000266622,2025-09-02
18,21,Ar,0,19,20,K,501,0.000350276,0.000039085,0.00227637,0.00000241857,2025-09-02
18,21,Ar,0,19,20,K,502,0.000340968,0.000038914,0.00227205,0.00000216904,2025-09-02
18,21,Ar,0,19,20,K,503,0.000331739,0.0000387333,0.00226768,0.00000191766,2025-09-02
18,21,Ar,0,19,20,K,504,0.00032259,0.0000385427,0.00226327,0.00000166444,2025-09-02
18,21,Ar,0,19,20,K,505,0.000313524,0.0000383421,0.00225882,0.00000140942,2025-09-02
18,21,Ar,0,19,20,K,506,0.000304542,0.0000381314,0.00225432,0.00000115262,2025-09-02
18,21,Ar,0,19,20,K,507,0.000295646,0.0000379104,0.00224977,0.000000894095,2025-09-02
18,21,Ar,0,19,20,K,508,0.000286838,0.0000376791,0.00224518,0.00000063389,2025-09-02
18,21,Ar,0,19,20,K,509,0.00027812,0.0000374373,0.00224054,0.000000782928,2025-09-02
18,21,Ar,0,19,20,K,510,0.000269494,0.0000371848,0.00223586,0.00000105602,2025-09-02
18,21,Ar,0,19,20,K,511,0.000260961,0.0000369216,0.00223113,0.00000132994,2025-09-02
18,21,Ar,0,19,20,K,512,0.000252525,0.0000366474,0.00222636,0.00000160449,2025-09-02
18,21,Ar,0,19,20,K,513,0.000244186,0.0000363623,0.00222154,0.00000187948,2025-09-02
18,21,Ar,0,19,20,K,514,0.000235947,0.0000360659,0.00221667,0.00000215465,2025-09-02
18,21,Ar,0,19,20,K,515,0.000227809,0.0000357582,0.00221176,0.00000242972,2025-09-02
18,21,Ar,0,19,20,K,516,0.000219776,0.0000354391,0.0022068,0.0000027044,2025-09-02
18,21,Ar,0,19,20,K,517,0.000211848,0.0000351085,0.00220179,0.00000297831,2025-09-02
18,21,Ar,0,19,20,K,518,0.000204028,0.000034766,0.00219674,0.00000325107,2025-09-02
18,21,Ar,0,19,20,K,519,0.000196317,0.0000344118,0.00219164,0.00000352222,2025-09-02
18,21,Ar,0,19,20,K,520,0.000188719,0.0000340455,0.0021865,0.00000379124,2025-09-02
18,21,Ar,0,19,20,K,521,0.000181235,0.0000336671,0.00218131,0.00000405755,2025-09-02
18,21,Ar,0,19,20,K,522,0.000173867,0.0000332764,0.00217607,0.00000432049,2025-09-02
18,21,Ar,0,19,20,K,523,0.000166617,0.0000328732,0.00217079,0.00000457931,2025-09-02
18,21,Ar,0,19,20,K,524,0.000159488,0.0000324575,0.00216547,0.00000483316,2025-09-02
18,21,Ar,0,19,20,K,525,0.000152482,0.0000320291,0.00216011,0.00000508109,2025-09-02
18,21,Ar,0,19,20,K,526,0.0001456,0.0000315878,0.0021547,0.00000532198,2025-09-02
18,21,Ar,0,19,20,K,527,0.000138846,0.0000311335,0.00214925,0.00000555459,2025-09-02
18,21,Ar,0,19,20,K,528,0.00013222,0.0000306661,0.00214376,0.0000057775,2025-09-02
18,21,Ar,0,19,20,K,529,0.000125727,0.0000301853,0.00213823,0.00000598908,2025-09-02
18,21,Ar,0,19,20,K,530,0.000119367,0.0000296911,0.00213266,0.00000618748,2025-09-02
18,21,Ar,0,19,20,K,531,0.000113143,0.0000291833,0.00212706,0.00000637056,2025-09-02
18,21,Ar,0,19,20,K,532,0.000107058,0.0000286617,0.00212142,0.00000653589,2025-09-02
18,21,Ar,0,19,20,K,533,0.000101114,0.0000281262,0.00211576,0.00000668066,2025-09-02
18,21,Ar,0,19,20,K,534,0.0000953121,0.0000275766,0.00211007,0.00000680165,2025-09-02
18,21,Ar,0,19,20,K,535,0.0000896561,0.0000270129,0.00210435,0.00000689511,2025-09-02
18,21,Ar,0,19,20,K,536,0.0000841478,0.0000264347,0.00209861,0.00000695675,2025-09-02
18,21,Ar,0,19,20,K,537,0.0000787897,0.0000258421,0.00209286,0.00000698154,2025-09-02
18,21,Ar,0,19,20,K,538,0.0000735842,0.0000252347,0.0020871,0.00000696369,2025-09-02
18,21,Ar,0,19,20,K,539,0.0000685337,0.0000246125,0.00208134,0.00000690305,2025-09-02
18,21,Ar,0,19,20,K,540,0.0000636407,0.0000239753,0.00207558,0.00000699526,2025-09-02
18,21,Ar,0,19,20,K,541,0.0000589075,0.000023323,0.00206983,0.00000705597,2025-09-02
18,21,Ar,0,19,20,K,542,0.0000543368,0.0000226553,0.0020641,0.00000708025,2025-09-02
18,21,Ar,0,19,20,K,543,0.000049931,0.0000219722,0.0020584,0.00000706234,2025-09-02
18,21,Ar,0,19,20,K,544,0.0000456926,0.0000212734,0.00205275,0.00000699552,2025-09-02
18,21,Ar,0,19,20,K,545,0.0000416242,0.0000205588,0.00204716,0.00000687197,2025-09-02
18,21,Ar,0,19,20,K,546,0.0000377283,0.0000198283,0.00204165,0.00000668249,2025-09-02
18,21,Ar,0,19,20,K,547,0.0000340074,0.0000190816,0.00203624,0.00000641632,2025-09-02
18,21,Ar,0,19,20,K,548,0.0000304643,0.0000183187,0.00203094,0.00000606075,2025-09-02
18,21,Ar,0,19,20,K,549,0.0000271014,0.0000175393,0.0020258,0.00000560086,2025-09-02
18,21,Ar,0,19,20,K,550,0.0000239214,0.0000167433,0.00202084,0.00000501899,2025-09-02
18,21,Ar,0,19,20,K,551,0.0000209269,0.0000159305,0.00201609,0.00000429438,2025-09-02
18,21,Ar,0,19,20,K,552,0.0000181206,0.0000151008,0.00201161,0.00000493223,2025-09-02
18,21,Ar,0,19,20,K,553,0.0000155052,0.000014254,0.00200745,0.00000757483,2025-09-02
18,21,Ar,0,19,20,K,554,0.0000130834,0.00001339,0.00200366,0.0000106021,2025-09-02
18,21,Ar,0,19,20,K,555,0.0000108579,0.0000125085,0.00200032,0.0000139442,2025-09-02
18,21,Ar,0,19,20,K,556,0.00000883129,0.0000116094,0.0019975,0.0000173677,2025-09-02
18,21,Ar,0,19,20,K,557,0.00000700645,0.0000106927,0.00199528,0.0000203102,2025-09-02
18,21,Ar,0,19,20,K,558,0.00000538608,0.00000975802,0.00199376,0.0000218791,2025-09-02
18,21,Ar,0,19,20,K,559,0.00000397295,0.00000880535,0.001993,0.0000261336,2025-09-02
18,21,Ar,0,19,20,K,560,0.0000027698,0.00000783451,0.00199298,0.0000330739,2025-09-02
18,21,Ar,0,19,20,K,561,0.00000177942,0.00000684538,0.00199357,0.0000170187,2025-09-02
18,21,Ar,0,19,20,K,562,0.00000100455,0.00000583786,0.00199428,0.0000199334,2025-09-02
18,21,Ar,0,19,20,K,563,0.000000447944,0.00000481188,0.00199432,0.0000214929,2025-09-02
18,21,Ar,0,19,20,K,564,0.000000112269,0.00000376742,0.00199777,0.0000257244,2025-09-02
18,21,Ar,0,19,20,K,565,0,0,0.00200465,0.0000326277,2025-09-02

